categoria,tipo_servicio,clasificacion_fiscal
Accesibilidad,Alquiler de rampas,Alquiler
Accesibilidad,Audiodescripción,Servicio profesional
Accesibilidad,Interpretación de lengua de señas,Servicio profesional
Accesibilidad,Subtitulado en vivo,Servicio profesional
Activaciones de marca,Demostraciones de producto,Servicio técnico
Activaciones de marca,Diseño de activaciones,Servicio profesional
Activaciones de marca,Muestreo promocional,Servicio técnico
Activaciones de marca,Producción de exhibidores,Venta de bienes
Alquiler de equipos,Alquiler de elevadores,Alquiler
Alquiler de equipos,Alquiler de herramientas,Alquiler
Alquiler de equipos,Alquiler de radios,Alquiler
Audiovisuales,Alquiler de pantallas LED,Alquiler
Audiovisuales,Alquiler de proyectores,Alquiler
Audiovisuales,Alquiler de televisores,Alquiler
Audiovisuales,Audio y Sonido,Alquiler
Audiovisuales,Interpretación simultánea,Servicio profesional
Audiovisuales,Microfonía,Alquiler
Audiovisuales,Operación de video,Servicio técnico
Audiovisuales,Realización multicámara,Servicio profesional
Audiovisuales,Sistemas de presentación,Alquiler
Audiovisuales,Transmisión en vivo,Servicio técnico
Belleza y vestuario,Alquiler de vestuario,Alquiler
Belleza y vestuario,Confección de vestuario,Servicio técnico
Belleza y vestuario,Estilismo,Servicio técnico
Belleza y vestuario,Maquillaje,Servicio técnico
Belleza y vestuario,Peinado,Servicio técnico
Catering y alimentos,Alimentación de equipo,Venta de bienes
Catering y alimentos,Bartender,Servicio técnico
Catering y alimentos,Bebidas y bar,Venta de bienes
Catering y alimentos,Buffet,Venta de bienes
Catering y alimentos,Canapés y picaderas,Venta de bienes
Catering y alimentos,Estaciones gastronómicas,Venta de bienes
Catering y alimentos,Menús servidos,Venta de bienes
Catering y alimentos,Pastelería y postres,Venta de bienes
Catering y alimentos,Pausa de café,Venta de bienes
Catering y alimentos,Servicio de meseros,Servicio técnico
Ceremonias,Asesoría ceremonial,Servicio profesional
Ceremonias,Oficiantes de ceremonia,Servicio profesional
Ceremonias,Organización de cortejo,Servicio técnico
Decoración,Ambientación de espacios,Servicio técnico
Decoración,Arreglos florales,Venta de bienes
Decoración,Centros de mesa,Venta de bienes
Decoración,Decoración de ceremonia,Servicio técnico
Decoración,Decoración temática,Servicio técnico
Decoración,Diseño floral,Servicio profesional
Decoración,Globos,Venta de bienes
Decoración,Telas y cortinajes,Alquiler
Decoración,Vinilos y señalética,Venta de bienes
Diseño y contenido,Animación digital,Servicio profesional
Diseño y contenido,Contenido para pantallas,Servicio profesional
Diseño y contenido,Diseño de invitaciones digitales,Servicio profesional
Diseño y contenido,Diseño gráfico,Servicio profesional
Diseño y contenido,Mapeo de proyección,Servicio profesional
Diseño y contenido,Modelado tridimensional,Servicio profesional
Diseño y contenido,Redacción de guiones,Servicio profesional
Entretenimiento,Actividades infantiles,Servicio profesional
Entretenimiento,Animación interactiva,Servicio profesional
Entretenimiento,Artistas y shows,Servicio profesional
Entretenimiento,Comparsas,Servicio profesional
Entretenimiento,Disc jockey,Servicio profesional
Entretenimiento,Espectáculos de magia,Servicio profesional
Entretenimiento,Grupos de baile,Servicio profesional
Entretenimiento,Maestro de ceremonias / animador,Servicio profesional
Entretenimiento,Músicos y bandas,Servicio profesional
Entretenimiento,Personajes temáticos,Servicio profesional
Escenografía y montaje,Backings y paneles,Alquiler
Escenografía y montaje,Barreras y vallas,Alquiler
Escenografía y montaje,Carpas,Alquiler
Escenografía y montaje,Diseño escenográfico,Servicio profesional
Escenografía y montaje,Fabricación de escenografía,Servicio técnico
Escenografía y montaje,Gradas y plataformas,Alquiler
Escenografía y montaje,Montaje y desmontaje,Servicio técnico
Escenografía y montaje,Pisos y alfombras,Alquiler
Escenografía y montaje,Tarimas y escenarios,Alquiler
Escenografía y montaje,Truss y estructuras,Alquiler
Fotografía y video,Cabina de fotos (photobooth),Servicio técnico
Fotografía y video,Drones,Servicio técnico
Fotografía y video,Fotografía,Servicio profesional
Fotografía y video,Fotografía de producto,Servicio profesional
Fotografía y video,Grabación de conciertos,Servicio profesional
Fotografía y video,Retrato corporativo,Servicio profesional
Fotografía y video,Video y edición,Servicio profesional
Fotografía y video,Álbumes fotográficos,Venta de bienes
Hospedaje y viajes,Agencia de viajes,Comisión
Hospedaje y viajes,Boletos aéreos,Otro
Hospedaje y viajes,Gestión de alojamiento,Comisión
Hospedaje y viajes,Hoteles,Otro
Hospedaje y viajes,Traslados aeroportuarios,Servicio técnico
Hospedaje y viajes,Viáticos,Sin tratamiento automático
Iluminación,Diseño de iluminación,Servicio profesional
Iluminación,"Efectos especiales (humo, chispas, confeti)",Servicio técnico
Iluminación,Iluminación arquitectónica,Alquiler
Iluminación,Iluminación decorativa,Alquiler
Iluminación,Iluminación escénica,Alquiler
Iluminación,Seguidores de luz,Alquiler
Iluminación,Sistemas láser,Alquiler
Iluminación,Técnico de iluminación,Servicio técnico
Impresos y promocionales,Artículos promocionales,Venta de bienes
Impresos y promocionales,Banners y roll-ups,Venta de bienes
Impresos y promocionales,Credenciales y gafetes,Venta de bienes
Impresos y promocionales,Empaques personalizados,Venta de bienes
Impresos y promocionales,Impresión de boletos,Venta de bienes
Impresos y promocionales,Impresión de catálogos,Venta de bienes
Impresos y promocionales,Impresión de programas,Venta de bienes
Impresos y promocionales,Invitaciones,Venta de bienes
Impresos y promocionales,Regalos corporativos,Venta de bienes
Impresos y promocionales,Rotulación de vehículos,Servicio técnico
Locales para eventos,Alquiler de espacio exterior,Alquiler
Locales para eventos,Alquiler de estadio,Alquiler
Locales para eventos,Alquiler de estudio,Alquiler
Locales para eventos,Alquiler de finca,Alquiler
Locales para eventos,Alquiler de playa,Alquiler
Locales para eventos,Alquiler de restaurante,Alquiler
Locales para eventos,Alquiler de salón,Alquiler
Locales para eventos,Alquiler de teatro,Alquiler
Logística y servicios,Almacenaje de evento,Servicio técnico
Logística y servicios,Baños portátiles,Alquiler
Logística y servicios,Climatización,Alquiler
Logística y servicios,Distribución eléctrica,Servicio técnico
Logística y servicios,Gestión de estacionamiento,Servicio técnico
Logística y servicios,Gestión de residuos,Servicio técnico
Logística y servicios,Internet y WiFi,Otro
Logística y servicios,Permisos y licencias,Sin tratamiento automático
Logística y servicios,Plantas eléctricas,Alquiler
Logística y servicios,Registro y acreditación,Servicio técnico
Mobiliario y menaje,Accesorios de mesa,Alquiler
Mobiliario y menaje,Alquiler de mesas,Alquiler
Mobiliario y menaje,Alquiler de sillas,Alquiler
Mobiliario y menaje,Barras y estaciones,Alquiler
Mobiliario y menaje,Cubertería,Alquiler
Mobiliario y menaje,Mantelería,Alquiler
Mobiliario y menaje,Mobiliario lounge,Alquiler
Mobiliario y menaje,Podios y atriles,Alquiler
Mobiliario y menaje,Sombrillas,Alquiler
Mobiliario y menaje,Vajilla y cristalería,Alquiler
Personal de eventos,Asistentes de producción,Servicio técnico
Personal de eventos,Azafatas y protocolo,Servicio técnico
Personal de eventos,Cargadores,Servicio técnico
Personal de eventos,Coordinación de evento,Servicio profesional
Personal de eventos,Limpieza,Servicio técnico
Personal de eventos,Operadores de pantallas,Servicio técnico
Personal de eventos,Seguridad,Seguridad y vigilancia
Personal de eventos,Supervisión de accesos,Seguridad y vigilancia
Personal de eventos,Técnicos de sonido,Servicio técnico
Personal de eventos,Valet parking,Servicio técnico
Producción y planificación,Dirección de escenario,Servicio profesional
Producción y planificación,Dirección de producción,Servicio profesional
Producción y planificación,Diseño de evento,Servicio profesional
Producción y planificación,Gestión de artistas,Servicio profesional
Producción y planificación,Gestión de proveedores,Servicio profesional
Producción y planificación,Planificación de bodas,Servicio profesional
Producción y planificación,Producción técnica,Servicio profesional
Salud y emergencias,Atención de primeros auxilios,Servicio exento
Salud y emergencias,Personal médico,Servicio exento
Salud y emergencias,Prevención de incendios,Servicio técnico
Salud y emergencias,Servicio de ambulancia,Servicio exento
Suministros de eventos,Artículos de celebración,Venta de bienes
Suministros de eventos,Desechables para eventos,Venta de bienes
Suministros de eventos,Hielo para eventos,Venta de bienes
Suministros de eventos,Materiales de montaje,Venta de bienes
Tecnología de eventos,Aplicaciones de eventos,Servicio profesional
Tecnología de eventos,Experiencias de realidad aumentada,Servicio profesional
Tecnología de eventos,Experiencias de realidad virtual,Servicio profesional
Tecnología de eventos,Gestión de asistentes,Servicio profesional
Tecnología de eventos,Venta de entradas,Comisión
Tecnología de eventos,Votación interactiva,Servicio profesional
Transporte y combustible,Alquiler de camiones,Alquiler
Transporte y combustible,Alquiler de vehículos,Alquiler
Transporte y combustible,Combustible,Venta de bienes
Transporte y combustible,Flete de equipos,Servicio técnico
Transporte y combustible,Mensajería,Servicio técnico
Transporte y combustible,Transporte aéreo de carga,Servicio técnico
Transporte y combustible,Transporte de artistas,Servicio técnico
Transporte y combustible,Transporte de invitados,Servicio técnico
Transporte y combustible,Transporte de personal,Servicio técnico
Transporte y combustible,Transporte marítimo,Servicio técnico
